last_Name,first_Name,Email_Address,Zipcode,City,State,Street,HomePhone
panek,michael,dntisler@jumpstartlab.com,,salt lake city,UT,1434 Wilson Ave.,8013626000
cebulski,kate,orazrya1@jumpstartlab.com,,salt lake city,UT,1033 Barbara Pl Apt 2,8015505000
engel,megan,bgc64@jumpstartlab.com,,salt lake city,UT,219 Elizabeth St.,8015505000
gilbert,kristen,tpollins6@jumpstartlab.com,,salt lake city,UT,1343 Ashwood Circle,8015505000
myett,student,wjang@jumpstartlab.com,,salt lake city,UT,834 E. Pond View Way,8015505000
xx,adrienne,rrthleen.oflaherty@jumpstartlab.com,,salt lake city,UT,1213 Medical Plaza,8015505000
ludmer,eileen,mhulger@jumpstartlab.com,,salt lake city,UT,723 11th Avenue,8015505000
boozel,alex,jyhiang@jumpstartlab.com,,salt lake city,UT,220 A Street,8015505000
berkley,susan,ceebst.4@jumpstartlab.com,,salt lake city,UT,1033 Barbara Pl,8015505000
kopkin,emma,sxcoffey@jumpstartlab.com,,salt lake city,UT,1033 Barbara Pl,8015505000
armacost,kate,hgle.saud@jumpstartlab.com,,salt lake city,UT,1033 Barbara Pl,8015505000
woolworth,lindsey,eoeal@jumpstartlab.com,,salt lake city,UT,350 south 200 east #406,8013594000
wynn,rich,vkrenzo.serna@jumpstartlab.com,,salt lake city,UT,2887 Wainwright Road,8015505000
